{
  "CamWidth": 3072,
  "CamHeight": 2048,
  "Cam_Intri": [5117.365927251628, 0, 1538.135121459372,
				0, 5116.093143162058, 1054.770061292614,
				0, 0, 1],
  "Cam_Disto": [-0.08890846682500254, 1.230751792208493, 0.0001003592840032126, -0.001586782878333563, 0],
  "Cam_R": [-0.9306290660731862, -0.01079867427799931, -0.3658044969838218,
			0.001625296207708427, -0.9996766576441286, 0.02537594478439811,
			-0.3659602434582019, 0.02302105113371866, 0.9303457053228715],
  "Cam_T": [236.7497969219404, 3.627605952228119, 23.48881580363077],
  "ProjWidth": 800,
  "ProjHeight": 600,
  "Proj_Intri": [1928.7284899784138, 0, 640.6978366123717,
				0, 3848.130089363177, 359.8594595895041,
				0, 0, 1],
  "Proj_Disto": [0.07534034442346636, 0.005389851836038228, -0.00009209299757556229, 0.001663718345445374, 0],
  "Proj_R": [1, 0, 0,
			 0, 1, 0,
			 0, 0, 1],
  "Proj_T": [0, 0, 0]
}