{
  "CamWidth": 1600,
  "CamHeight": 1200,
  "Cam_Intri": [ 1.313363039808783, 0, 7.943410746909015,
				0, 1.319142345777889, 5.898123353762451, 
				0, 0, 1 ],
  "Cam_Disto": [ 7.0286344302024, -2.4864687742217, 5.6230793937901, 4.0036091880084, 0],
  "Cam_R": [ 0.9236321285922, 0.03024839229293, -0.3820847102355,
			-0.08967415772041, 0.9862669295696, -0.1386942286991,
			0.3726422365610, 0.1623655702450, 0.9136603226198093 ],
  "Cam_T": [158.7283104506097, -59.10932273282523, 306.1533836295654],
  "ProjWidth": 1280,
  "ProjHeight": 720,
  "Proj_Intri": [1174.87926717651, 0, 303.593793671313,
				0, 2347.335839316887, 768.4167891906328,
				0, 0, 1],
  "Proj_Disto": [-0.08317255140703, -0.03151568356351, 0.0002783037647384, -0.002519912825068, 0],
  "Proj_R": [1, 0, 0,
			 0, 1, 0,
			 0, 0, 1],
  "Proj_T": [0, 0, 0]
}